description,business_tags,sector,category,niche,candidate_labels,candidate_sim_scores,zero_shot_scores,final_labels
"Welchcivils is a civil engineering and construction company that specializes in designing and building utility network connections across the UK. They offer multi-utility solutions that combine electricity, gas, water, and fibre optic installation into a single contract. Their design engineer teams are capable of designing electricity, water and gas networks from existing network connection points to meter locations at the development, as well as project management of reinforcements and diversions. They provide custom connection solutions that take into account any existing assets, maximize the usage of every trench, and meet project deadlines. Welchcivils has considerable expertise installing gas and electricity connections in a variety of market categories, including residential, commercial, and industrial projects, as as well.","['Construction Services', 'Multi-utilities', 'Utility Network Connections Design and Construction', 'Water Connection Installation', 'Multi-utility Connections', 'Fiber Optic Installation']",Services,Civil Engineering Services,Other Heavy and Civil Engineering Construction,"['Pipeline Construction Services', 'Residential Electrical Services', 'Commercial Electrical Services', 'Commercial Construction Services', 'Industrial Plumbing Services', 'Electric Line Construction', 'Infrastructure Excavation', 'Multi-Family Construction Services', 'Cable Installation Services', 'Insulation Services']","[0.5658457, 0.5097127, 0.49567527, 0.48040244, 0.47354585, 0.45154375, 0.4515401, 0.45071185, 0.4490946, 0.44883054]","{'Pipeline Construction Services': 0.03229919821023941, 'Residential Electrical Services': 0.22396241128444672, 'Commercial Electrical Services': 0.18787714838981628, 'Commercial Construction Services': 0.41622090339660645, 'Industrial Plumbing Services': 0.042196787893772125, 'Electric Line Construction': 0.4052812457084656, 'Infrastructure Excavation': 0.27142542600631714, 'Multi-Family Construction Services': 0.13065363466739655, 'Cable Installation Services': 0.086095429956913, 'Insulation Services': 0.01338390912860632}","['Commercial Construction Services', 'Electric Line Construction']"
"Kyoto Vegetable Specialists Uekamo, also known as Iwa-machi, is a company based in Kyoto, Japan that specializes in the sale of vegetables. They have been in business for ten years and offer a collection of vegetable recipes through their Keiō Vegetable Recipe Collection and Online Shop. The company is directly owned by Uekamoo Farm, Uekame Farm, and Lobechi Shijo-hara Farm. They offer a variety of vegetable products, including suguki-zuke and Kamoo eggplant, and also accept production cultivation according to customer requests. Iwaichi Limited Company uses their experience in production and sales to provide tailored vegetables to meet customer needs and also accepts cultivation of products according to their requirements.","['Wholesale', 'Dual-task Movement Products', 'Cast Iron Products Manufacturer', 'Manufacturing Technology', 'Food and Beverage', 'Rice And Noodles', 'High-quality Gloss of Cast Iron', 'Rice Wholesaler', 'Miscellaneous Crop Farming', 'Health and Wellness Products', 'Agricultural Cooperative', 'Medical Practice Based on Eastern Medicine', 'Production', 'Rice Pudding']",Manufacturing,Fruit & Vegetable - Markets & Stores,"Frozen Fruit, Juice, and Vegetable Manufacturing","['Food Processing Services', 'Agricultural Equipment Services', 'Seafood Processing Services', 'Ornamental Plant Nurseries', 'Bakery Production Services', 'Confectionery Manufacturing', 'Coffee Processing Services', 'Meat Processing Services', 'Food Safety Services', 'Dairy Production Services']","[0.40571022, 0.39858264, 0.36367762, 0.36276492, 0.35773546, 0.34123638, 0.34115124, 0.33935234, 0.3283182, 0.32532793]","{'Food Processing Services': 0.09245264530181885, 'Agricultural Equipment Services': 0.021025272086262703, 'Seafood Processing Services': 0.0049108960665762424, 'Ornamental Plant Nurseries': 0.01741679571568966, 'Bakery Production Services': 0.021734829992055893, 'Confectionery Manufacturing': 0.006225369405001402, 'Coffee Processing Services': 0.017521696165204048, 'Meat Processing Services': 0.004724286962300539, 'Food Safety Services': 0.043938301503658295, 'Dairy Production Services': 0.011101714335381985}",[]
"Loidholdhof Integrative Hofgemeinschaft is a company that offers a range of services and products to its customers. Their products are all handmade and of the highest quality, produced on a biodynamic basis with a focus on freshness and quality. The company's product range includes homemade bread, honey from their own beekeeping, syrup, and fresh vegetables, which can be purchased in their farm shop. In addition to their farm products, they also have a farm shop and cafe where customers can enjoy fresh coffee and delicious cakes.","['Living Forms', 'Farm Cafe', 'Fresh Coffee', 'Community Engagement', 'Freshly Baked Bread', 'Social Interaction Opportunities', 'Fresh Vegetables', 'Homemade Honey', 'Delicious Cakes', 'Community-oriented Living', 'Handmade Products', 'Fresh Juices', 'Farm Fresh Products', 'Integrated Farming Community', 'Biodynamic Farming']",Manufacturing,Farms & Agriculture Production,All Other Miscellaneous Crop Farming,"['Bakery Production Services', 'Confectionery Manufacturing', 'Agricultural Equipment Services', 'Dairy Production Services', 'Food Processing Services', 'Grain Processing Services', 'Meat Processing Services', 'Livestock Dealer Services', 'Gardening Services', 'Coffee Processing Services']","[0.49026528, 0.45671016, 0.42583674, 0.42295566, 0.42041135, 0.3761791, 0.37536082, 0.37328148, 0.359013, 0.35533547]","{'Bakery Production Services': 0.012697000987827778, 'Confectionery Manufacturing': 0.001256722491234541, 'Agricultural Equipment Services': 0.010197366587817669, 'Dairy Production Services': 0.008468376472592354, 'Food Processing Services': 0.008393132127821445, 'Grain Processing Services': 0.008411907590925694, 'Meat Processing Services': 0.0021991373505443335, 'Livestock Dealer Services': 0.0056466213427484035, 'Gardening Services': 0.017467893660068512, 'Coffee Processing Services': 0.04268015921115875}",[]
"PATAGONIA Chapa Y Pintura is an auto body shop located in Comodoro Rivadavia, Chubut Province, Argentina. The company specializes in providing auto body repair services.","['Automotive Body Repair Services', 'Interior Repair Services']",Services,Auto Body Shops,"Automotive Body, Paint, and Interior Repair and Maintenance","['Coffee Processing Services', 'Apparel Manufacturing', 'Textile Manufacturing Services', 'Food Processing Services', 'Sheet Metal Services', 'Cosmetic Manufacturing', 'Asphalt Production Services', 'Pet Grooming Services', 'Meat Processing Services', 'Commercial Construction Services']","[0.33400184, 0.31740677, 0.30248114, 0.2992435, 0.291986, 0.29075766, 0.29066682, 0.2895465, 0.2759219, 0.27542552]","{'Coffee Processing Services': 0.0006857980042695999, 'Apparel Manufacturing': 0.0001694469974609092, 'Textile Manufacturing Services': 0.0002313891745870933, 'Food Processing Services': 0.00023921485990285873, 'Sheet Metal Services': 0.0005391852464526892, 'Cosmetic Manufacturing': 0.0002658081357367337, 'Asphalt Production Services': 0.001027795486152172, 'Pet Grooming Services': 0.0007551051676273346, 'Meat Processing Services': 0.0002008430310525, 'Commercial Construction Services': 0.001420321175828576}",[]
"Stanica WODNA PTTK Swornegacie is a cultural establishment located in Swornychgaciach, Poland. It is a popular destination for kayakers and tourists of all levels, offering a variety of activities and events. The establishment is managed by Zbigniew Galiński.","['Cultural Activities', 'Accommodation Services', 'Kayak Rentals', 'Small Gastronomy Products', 'Tourism Services', 'Recreational Activities', 'Cultural Center']",Services,Boat Tours & Cruises,"Scenic and Sightseeing Transportation, Water","['Welding Services', 'Tent Manufacturing Services', 'Carpentry Services', 'Physical Therapy Services', 'Fishing and Hunting Services', 'Brewery Operations', 'Ice Production Services', 'Waterproofing Services', 'Laboratory Services', 'Field Welding Services']","[0.24785739, 0.24433027, 0.24286133, 0.23692313, 0.23622742, 0.23186827, 0.22370027, 0.2176396, 0.21625414, 0.21443158]","{'Welding Services': 0.0010023879585787654, 'Tent Manufacturing Services': 0.0007321562734432518, 'Carpentry Services': 0.0008489111205562949, 'Physical Therapy Services': 0.0005504755536094308, 'Fishing and Hunting Services': 0.0007662675925530493, 'Brewery Operations': 0.0009198709740303457, 'Ice Production Services': 0.0013720969436690211, 'Waterproofing Services': 0.014561365358531475, 'Laboratory Services': 0.0027046198956668377, 'Field Welding Services': 0.0007267463952302933}",[]
"BIQ Benefícios is a Brazilian company that specializes in generating benefits for both individuals and businesses. With a structure of three large companies in the food sector and 20 years of experience, BIQ Beneficios has extensive knowledge in this field. The company aims to revolutionize the market through quality services for its customers, accredited employees, and collaborators. BIQ Benefits is duly accredited by the PAT (Worker Food Program) and offers a wide network of accredited establishments that provides employees with the freedom to choose healthy food options. The BIQ Duo card is perfect for those who travel frequently. The app allows users to perform balance queries and statements of BIQ cards, as well as see the average daily spending so that their balance lasts until the end of the month.","['Healthy Food Options', 'Accredited Establishments', 'Daily Spending Tracking Service', 'Benefits and Payment Solutions', 'Balance Queries', 'Balance Statements', 'Benefit Generation', 'Food Cards', 'Flexible and Personalized Benefits Strategy']",Services,Payment Processing & Point of Sale,"Financial Transactions Processing, Reserve, and Clearinghouse Activities","['Food Processing Services', 'Business Development Services', 'Coffee Processing Services', 'Catering Services', 'Bakery Production Services', 'Financial Services', 'Marketing Services', 'Meat Processing Services', 'Food Safety Services', 'Travel Services']","[0.44317228, 0.42181247, 0.41555822, 0.41135433, 0.4065019, 0.40415245, 0.39770663, 0.3893998, 0.38911223, 0.38183558]","{'Food Processing Services': 0.16046638786792755, 'Business Development Services': 0.1354311853647232, 'Coffee Processing Services': 0.024883415549993515, 'Catering Services': 0.015311582013964653, 'Bakery Production Services': 0.04477904364466667, 'Financial Services': 0.8060199022293091, 'Marketing Services': 0.01293391827493906, 'Meat Processing Services': 0.013588294386863708, 'Food Safety Services': 0.021242985501885414, 'Travel Services': 0.044073496013879776}",['Financial Services']
"EnvCompli is a company that provides personalized Industrial General Permit (IGP) Management services for Storm Water Compliance needs. They offer an assigned specialist to meet all your needs, coordinate your lab sample results, and manage your SMARTs account. Their services include preparing a Storm Water Pollution Prevention Plan (Swppp) with on-site evaluation, BMPs evaluation, Monitoring Implementation Plan, Site Map, and SWPPP revision. They also provide customized Inspection Forms to meet your facility needs. EnvComplI was founded by a Stormwater Compliance expert with experience in various industries such as transportation, metal fabrication, scrap metals, plastic film & extrusion, food processing, oil & gas, wood mills, and aerospace. They provide on-the-spot NEC evaluation and solution to ensure the NEC requirements have been met. Additionally, they offer SMART data entry for AdHoc Report (Lab Report) and Annual Report.","['Source Control', 'Inspection and Sampling Event Forms', 'Stormwater Management', 'State Water Boards Smarts']",Services,Environmental Engineering Services,Environmental Consulting Services,"['Environmental Consulting', 'Water Treatment Services', 'Residential Drainage Systems', 'Environmental Health Services', 'Waterproofing Services', 'Industrial Plumbing Services', 'Septic System Services', 'Pipeline Construction Services', 'Commercial Irrigation Systems', 'Residential Plumbing Services']","[0.5257374, 0.49574494, 0.4631269, 0.44617233, 0.44554403, 0.43420112, 0.42240465, 0.4180932, 0.4151093, 0.41369802]","{'Environmental Consulting': 0.9589489698410034, 'Water Treatment Services': 0.01895282231271267, 'Residential Drainage Systems': 0.18500058352947235, 'Environmental Health Services': 0.0023168919142335653, 'Waterproofing Services': 0.01321350410580635, 'Industrial Plumbing Services': 0.008894289843738079, 'Septic System Services': 0.07811900973320007, 'Pipeline Construction Services': 0.03704383224248886, 'Commercial Irrigation Systems': 0.27381977438926697, 'Residential Plumbing Services': 0.02726064808666706}",['Environmental Consulting']
"Corrugated Beam Form Ltd is a company based in Walsall, England, specializing in the supply of concrete products.","['Cut Sheets', 'Formwork Installation Services', 'Corner Joints', 'Lightweight Polypropylene Manufacturer', 'Welded Cages', 'Full Drawings Installation Videos', 'Concrete Products', 'Manufacturing', 'Light Weight Polypropyl Alcohol', 'Drawing Take-offs Services', 'Installation Guides', 'Prefabricated U-sections', 'Construction Materials Manufacturing', 'Light and Rigid Formwork']",Manufacturing,Building Material Manufacturers,Engineered Wood Member Manufacturing,"['Pallet Manufacturing', 'Sheet Metal Services', 'Commercial Construction Services', 'Non-Structural Steel Fabrication', 'Masonry Construction Services', 'Tent Manufacturing Services', 'Tilt-Up Concrete Services', 'Welding Services', 'Residential Roofing Services', 'Field Welding Services']","[0.49299872, 0.4890462, 0.45218778, 0.43925613, 0.40957183, 0.40729052, 0.40694225, 0.40647173, 0.40387613, 0.39990115]","{'Pallet Manufacturing': 0.0030045066960155964, 'Sheet Metal Services': 0.04372910410165787, 'Commercial Construction Services': 0.636164128780365, 'Non-Structural Steel Fabrication': 0.00931557733565569, 'Masonry Construction Services': 0.011418395675718784, 'Tent Manufacturing Services': 0.00396342109888792, 'Tilt-Up Concrete Services': 0.08681176602840424, 'Welding Services': 0.04329828545451164, 'Residential Roofing Services': 0.012504191137850285, 'Field Welding Services': 0.026934271678328514}",['Commercial Construction Services']
"The company specializes in the production and distribution of packaging materials, including cardboard sealing tape, wholesale packaging, and packaging supplies. They also offer printed packaging services.","['C Packaging Solutions', 'Wholesale Package', 'Printed Packaging', 'Carton Sealing Tape']",Wholesale,Paper & Cardboard Products,Industrial and Personal Service Paper Merchant Wholesalers,"['Paper Production Services', 'Carpet Manufacturing Services', 'Food Processing Services', 'Textile Manufacturing Services', 'Insulation Services', 'Sheet Metal Services', 'Stationery Manufacturing', 'Bakery Production Services', 'Tent Manufacturing Services', 'Gas Manufacturing Services']","[0.5991927, 0.47838563, 0.4669384, 0.46519595, 0.4636225, 0.4520952, 0.44523594, 0.44097686, 0.43427774, 0.43175238]","{'Paper Production Services': 0.14889466762542725, 'Carpet Manufacturing Services': 0.00030169388628564775, 'Food Processing Services': 0.0019284377340227365, 'Textile Manufacturing Services': 0.00021218684560153633, 'Insulation Services': 0.0005450827302411199, 'Sheet Metal Services': 0.00020153254445176572, 'Stationery Manufacturing': 0.0002646401117090136, 'Bakery Production Services': 0.0009826268069446087, 'Tent Manufacturing Services': 0.002072183648124337, 'Gas Manufacturing Services': 0.00037131644785404205}",[]
"Indira Caterz And Event Managerzz is a company categorized under restaurant supply stores. It is located in Alappuzha, Kerala, India. The company specializes in providing supplies for restaurants and event management services.","['Event Organization Services', 'Restaurant Supply Store']",Wholesale,Restaurant Equipment,Other Commercial Equipment Merchant Wholesalers,"['Catering Services', 'Event Planning Services', 'Food Processing Services', 'Marketing Services', 'Seafood Processing Services', 'E-Commerce Services', 'Travel Services', 'Bakery Production Services', 'Crisis Management Services', 'Coffee Processing Services']","[0.51932573, 0.4327491, 0.39778513, 0.35277355, 0.33889198, 0.33504272, 0.33235574, 0.33132276, 0.30843604, 0.3078383]","{'Catering Services': 0.21193353831768036, 'Event Planning Services': 0.1968991905450821, 'Food Processing Services': 0.0008185498882085085, 'Marketing Services': 0.001480268663726747, 'Seafood Processing Services': 0.0007644163561053574, 'E-Commerce Services': 0.000845890142954886, 'Travel Services': 0.000586825655773282, 'Bakery Production Services': 0.0004971964517608285, 'Crisis Management Services': 0.0006596120656467974, 'Coffee Processing Services': 0.0005820475635118783}",[]
"Halle Heat Exchange Equipment Co., Ltd is a Chinese company that specializes in the production and sales of heat exchangers. Their main products include plate-type heat exchanger, welded panel type heat exchang, ground heating water distributors, stainless steel water divider, and overheated hot water coolers. The company has an in-depth knowledge team with high-quality technical expertise and is equipped with many varieties of excellent equipment for producing heat exchiders. Halle Heat Exchanger Equipment Co, Ltd is committed to achieving innovative products and technologies for efficient heat transfer and reducing natural resource consumption. They provide a knowledge-intensive approach to further optimize heating or cooling treatments for various process equipment. The Halley plate heat exchider has a very high thermal transfer efficiency compared to traditional welded-plated heat exchanders and is compact in structure. The heat exchuder is mainly used in the development of the fastener industry.","['Technology Products and Solutions', 'Welded Heat Exchangers Manufacturer', 'Ground Water Heating Engineering Services Supplier', 'Stainless Steel Water Distributors', 'Heat Treatment for Export']",Manufacturing,Industrial Air Solutions,Power Boiler and Heat Exchanger Manufacturing,"['Boiler Installation Services', 'Boiler Repair Services', 'Roofing Services with Heat Application', 'Welding Services', 'Insulation Services', 'Industrial Plumbing Services', 'Sheet Metal Services', 'HVAC Installation and Service', 'Ice Production Services', 'Field Welding Services']","[0.4822217, 0.4593026, 0.441006, 0.37332073, 0.37298495, 0.37047687, 0.3610508, 0.35975358, 0.35534212, 0.33722478]","{'Boiler Installation Services': 0.08409352600574493, 'Boiler Repair Services': 0.020019346848130226, 'Roofing Services with Heat Application': 0.017245031893253326, 'Welding Services': 0.04590379819273949, 'Insulation Services': 0.009934707544744015, 'Industrial Plumbing Services': 0.0031272221822291613, 'Sheet Metal Services': 0.03325590863823891, 'HVAC Installation and Service': 0.06130916625261307, 'Ice Production Services': 0.028491107746958733, 'Field Welding Services': 0.03020647168159485}",[]
"Ballymacarbry Elders Housing Association Ltd. is a registered charity in Ireland that aims to provide quality, age-friendly, and sustainable homes for older people in the local community who require them. Their goal is to enable these individuals to live independently for as long as possible. The association offers 1 & 2 bedroom terrace houses in three blocks, consisting of single storey, semi-detached, back and front gardens, each with an entrance hall, kitchen/living room, 2 bedrooms, and walk-in shower. The houses are well-insulated and have a BER rating of A3. The community center adjacent to the houses includes a library, a social club with entertainment, a caretaker and health center, and a daily bus service to Clonmel and Dungarvan. The development is located in the village of Ballymacarrow, surrounded by private grounds and close to the Nire River.","['Sustainable Homes', 'Residential Terraces', 'Clubhouse and Dinner Club Services', 'Single-storey Homes', 'Entrance Hall', 'Daily Bus Services', 'Caretaker and Health Centre Services', 'Semi-Detached House', 'Age-friendly Homes', 'Kitchen & Living Room', 'Community Center', 'Class Teaching Services', 'Non-profit Organization', 'Front Garden Houses', 'Walk-in Shower Houses', 'Social Club Services', '3 Residential Blocks', 'Housing Association', 'Lunch Service', 'High-quality Homes', 'A3 Rating Houses', 'Gym Facilities', 'Music and Entertainment Services', '55+ Housing Development', 'Independent Living Support', 'Lovely Walks Services', 'Bingo Services', 'Insulated Homes', 'Card Game Services', 'Library Services']",Services,Housing Programs,Other Community Housing Services,"['Community Engagement Services', 'Residential Plumbing Services', 'General Handyman Services', 'Environmental Health Services', 'Volunteer Services', 'Occupational Health Services', 'Waste Management Services', 'Multi-Family Construction Services', 'Septic System Services', 'Single Family Residential Construction']","[0.3538819, 0.3193866, 0.3112735, 0.30976087, 0.3081781, 0.30556837, 0.30552703, 0.30193403, 0.29804295, 0.2972232]","{'Community Engagement Services': 0.686619758605957, 'Residential Plumbing Services': 0.00957554578781128, 'General Handyman Services': 0.009364818222820759, 'Environmental Health Services': 0.014440501108765602, 'Volunteer Services': 0.06321075558662415, 'Occupational Health Services': 0.008553333580493927, 'Waste Management Services': 0.002316955244168639, 'Multi-Family Construction Services': 0.0055784983560442924, 'Septic System Services': 0.013795875012874603, 'Single Family Residential Construction': 0.7963189482688904}","['Community Engagement Services', 'Single Family Residential Construction']"
"An Nhien Scientific Equipment Co., Ltd. (AnNhien) is a company that specializes in the distribution of scientific equipment, reagents, probiotics, and consumables for various industries such as life science research, chemistry, biomedicine, clinical diagnostic, veterinary, food hygiene, environmental monitoring, and quality control. They offer a range of products including sterilization products, biological and chemical indicators, sterilization packing, labwares and consumable products, plasticwares, cell culture, micro and molecular biology, handling and storage, specimen collection, microbiology and storage solutions, reagent and probiotic products, microbial identification, enzymes and prepared enzymes, and culture media. The company is committed to providing high-quality products and technology to its customers and contributing to the development of science, technology, and economy in Vietnam.","['Sterilization Products', 'Biological Indicators', 'Consumables Distribution', 'Chemical Indicators', 'Scientific Equipment Distribution', 'Reagents Distribution']",Manufacturing,Laboratory Equipment & Supplies,Analytical Laboratory Instrument Manufacturing,"['Laboratory Services', 'Pharmaceutical Manufacturing', 'Agricultural Equipment Services', 'Chemical Manufacturing', 'Accessory Manufacturing', 'Non-Alcoholic Beverage Manufacturing', 'Food Processing Services', 'Testing and Inspection Services', 'Seafood Processing Services', 'Confectionery Manufacturing']","[0.54359233, 0.46561736, 0.41416672, 0.4119171, 0.36420083, 0.35986704, 0.35441393, 0.3497557, 0.3486919, 0.34472242]","{'Laboratory Services': 0.2562243938446045, 'Pharmaceutical Manufacturing': 0.05941719189286232, 'Agricultural Equipment Services': 0.007192658260464668, 'Chemical Manufacturing': 0.05888655036687851, 'Accessory Manufacturing': 0.020679984241724014, 'Non-Alcoholic Beverage Manufacturing': 0.01877402514219284, 'Food Processing Services': 0.01539692934602499, 'Testing and Inspection Services': 0.04186290502548218, 'Seafood Processing Services': 0.009549296461045742, 'Confectionery Manufacturing': 0.0033068975899368525}",[]
"Anovei is a company that specializes in air treatment, purifier leasing, and nasal filtration research and development, as well as production.","['Innovative Solutions Provider', 'Technology Solutions', 'High-tech Solutions', 'Technology Consulting Services', 'Low Tech Firm', 'Air Treatment', 'Production', 'Technology Services', 'Nasal Filtration Research and Development', 'Purifier Leasing Services']",Manufacturing,Medical Supply Manufacturers,Irradiation Apparatus Manufacturing,"['Air Duct Cleaning Services', 'Water Treatment Services', 'Medical Gas Installation Services', 'Building Cleaning Services', 'Industrial Plumbing Services', 'Residential Plumbing Services', 'Gas Manufacturing Services', 'Window Treatment Manufacturing', 'Pharmaceutical Manufacturing', 'Veterinary Services']","[0.39809328, 0.3352103, 0.30195853, 0.28076214, 0.28050488, 0.27452576, 0.27342862, 0.27209163, 0.26698178, 0.2606402]","{'Air Duct Cleaning Services': 0.0020083803683519363, 'Water Treatment Services': 0.0006603983929380774, 'Medical Gas Installation Services': 0.004482512827962637, 'Building Cleaning Services': 0.0003647877601906657, 'Industrial Plumbing Services': 0.0002215030835941434, 'Residential Plumbing Services': 0.0002473365457262844, 'Gas Manufacturing Services': 0.005993714556097984, 'Window Treatment Manufacturing': 0.004892237018793821, 'Pharmaceutical Manufacturing': 0.002925767097622156, 'Veterinary Services': 0.0004582208348438144}",[]
"Db Motor Service di Damiano Barbato is an auto electrical service and auto repair shop located in Arzano, Campania, Italy.","['Diagnostic Services', 'Correct Diagnosis and Maintenance', 'Automobiles And Motorcycles', 'Parking Facilities', 'Bathroom Facilities', 'Auto Repair Service', 'Automotive Repair and Maintenance Services', 'Seating Options', 'Motorcycle Diagnosis and Repair Services', 'Mechanical and Electronic Workshop', 'Auto Electrical Services', 'Wheelchair Accessible Entrance']",Services,Auto Services,Specialized Automotive Repair,"['Commercial Electrical Services', 'Carpentry Services', 'Welding Services', 'Boiler Repair Services', 'General Handyman Services', 'Business Development Services', 'Road Maintenance Services', 'Field Welding Services', 'Testing and Inspection Services', 'Restoration Services']","[0.3833869, 0.368443, 0.3615715, 0.34950083, 0.33798856, 0.3375721, 0.33605498, 0.33167064, 0.31947953, 0.31729108]","{'Commercial Electrical Services': 0.025704186409711838, 'Carpentry Services': 0.0006845174939371645, 'Welding Services': 0.0011441493406891823, 'Boiler Repair Services': 0.0011810901341959834, 'General Handyman Services': 0.0015873740194365382, 'Business Development Services': 0.003868981497362256, 'Road Maintenance Services': 0.00363666913472116, 'Field Welding Services': 0.0017120727570727468, 'Testing and Inspection Services': 0.02016425132751465, 'Restoration Services': 0.002861625049263239}",[]
DOO Bački Petrovac is a Slovakian company that specializes in the production of raw materials and the wholesale of cleaning products. Their main focus is on producing raw powders and selling cleaning items.,"['Production', 'Wholesale Distribution', 'Cleaning Articles Manufacturer', 'Metal Circle Manufacturer']",Manufacturing,Cleaning Equipment & Supplies,Soap and Other Detergent Manufacturing,"['Pet Grooming Services', 'Pet Food Manufacturing', 'Coffee Processing Services', 'Pharmaceutical Manufacturing', 'Cosmetic Manufacturing', 'Carpet Manufacturing Services', 'Street Cleaning Operations', 'Building Cleaning Services', 'Waste Management Services', 'Textile Manufacturing Services']","[0.38489795, 0.38138753, 0.3408866, 0.34024918, 0.34024027, 0.33733243, 0.3363597, 0.32489988, 0.32359746, 0.3205539]","{'Pet Grooming Services': 0.006136241368949413, 'Pet Food Manufacturing': 0.0004512034065555781, 'Coffee Processing Services': 0.0008358171908184886, 'Pharmaceutical Manufacturing': 0.0007798591977916658, 'Cosmetic Manufacturing': 0.00044045946560800076, 'Carpet Manufacturing Services': 0.003438736544921994, 'Street Cleaning Operations': 0.006401169113814831, 'Building Cleaning Services': 0.05630691722035408, 'Waste Management Services': 0.0006270227022469044, 'Textile Manufacturing Services': 0.0007683602161705494}",[]
"Reparación Lavarropas Candy is a technical service and repair company that specializes in the repair and maintenance of washing machines. They offer same-day service in the Capital Federal, GBA Zona Norte, GGA Zona Oeste, and GBA Súbrica Zona Sur areas. Their main focus is on repairing and maintaining Candy washing machines, providing technical support to their customers.","['Home Care', 'Technical Service and Maintenance', 'Candy Washing Machine Repair Services']",Services,Appliance Repair & Maintenance,Appliance Repair and Maintenance,"['Confectionery Manufacturing', 'Coffee Processing Services', 'Restoration Services', 'Bakery Production Services', 'Food Processing Services', 'Millwork Services', 'Well Maintenance Services', 'Food Safety Services', 'Laboratory Services', 'Boiler Repair Services']","[0.43650672, 0.39089912, 0.38468796, 0.33857915, 0.32365912, 0.31779402, 0.30555767, 0.30553424, 0.29660726, 0.29395592]","{'Confectionery Manufacturing': 0.028664687648415565, 'Coffee Processing Services': 0.0010562478564679623, 'Restoration Services': 0.08836320787668228, 'Bakery Production Services': 0.002578824060037732, 'Food Processing Services': 0.001633183448575437, 'Millwork Services': 0.0068457783199846745, 'Well Maintenance Services': 0.2863747775554657, 'Food Safety Services': 0.0017517174128443003, 'Laboratory Services': 0.019435454159975052, 'Boiler Repair Services': 0.002912964904680848}",[]
"Ver Peliculas is a company that specializes in video conferencing solutions. They offer a range of products and services related to video conferecting, including AVer, Jean Paul, and Ver Pelicula.","['Metaverse Auctions Platform', 'Auction Services', 'Auction Via Video Conferencing']",Services,"Alarms, Surveillance & Security Systems",All Other Business Support Services,"['Media Production Services', 'Veterinary Services', 'Public Relations Services', 'Consulting Services', 'Veterinary Clinics', 'Advertising Services', 'Livestock Dealer Services', 'Stakeholder Services', 'Human Resources Services', 'Event Planning Services']","[0.3427084, 0.28231323, 0.2775961, 0.27460557, 0.26640338, 0.2661177, 0.26388013, 0.255625, 0.25425655, 0.25036353]","{'Media Production Services': 0.0014954839134588838, 'Veterinary Services': 0.0013759908033534884, 'Public Relations Services': 0.0012261453084647655, 'Consulting Services': 0.01261358056217432, 'Veterinary Clinics': 0.0017733132699504495, 'Advertising Services': 0.018881410360336304, 'Livestock Dealer Services': 0.005293411202728748, 'Stakeholder Services': 0.08234257996082306, 'Human Resources Services': 0.0017891902243718505, 'Event Planning Services': 0.001483014551922679}",[]
"Gina Crow is an Italian-American film director, writer, and producer based in Los Angeles, California. She has a background in music production and international DJing, and has worked on music videos, commercials, and narrative projects. Crow has collaborated with Fuse Technical Group, ARRI, Inc., and FotoKem to produce an action thriller short film called ""Dark in Berlin,"" which was shot on an LED volume stage using virtual production and stars Christine Ko and Miki Ishikawa. She is currently working on her debut feature film, which is expected to be released in spring 2024.","['Virtual Production Services', 'LED Volume Stage Film', 'Dark Thriller Short Film', 'Biopic Production', 'Music Video Production']",Services,Video and Audio Production,Motion Picture and Video Distribution,"['Media Production Services', 'Interior Design Services', 'Business Development Services', 'Public Relations Services', 'Painting Services', 'Arts Services', 'Graphic Design Services', 'Website Development Services', 'Residential Roofing Services', 'Content Creation Services']","[0.33626777, 0.21212447, 0.20913085, 0.20533963, 0.20438546, 0.19168013, 0.18194544, 0.17827368, 0.17464656, 0.17108196]","{'Media Production Services': 0.6721382141113281, 'Interior Design Services': 0.0020103848073631525, 'Business Development Services': 0.17180292308330536, 'Public Relations Services': 0.005975448992103338, 'Painting Services': 0.0036296765320003033, 'Arts Services': 0.21625816822052002, 'Graphic Design Services': 0.0030255448073148727, 'Website Development Services': 0.008985602296888828, 'Residential Roofing Services': 0.007100325543433428, 'Content Creation Services': 0.23103100061416626}",['Media Production Services']
"360Scooters is a company that offers electric scooter rental services in Tenerife, Canary Islands. They provide electric scooters for rent, allowing tourists to explore the cities of the island in a sustainable way. Customers can rent a scooter for a daily, weekly, or three-day period and pick it up in South Tenerije, Arona, Los Cristianos, Playa de Las Américas, and Adeje. The company is a leader in electric personal mobility and offers workshops, technical services, and online and physical sales of personal mobility vehicles.","['Electricity', 'Rental Services', 'Electric Scooter Rental Services', 'Online Sales', 'Personal Mobility Vehicles Sales', 'Sustainable Mobility Solutions', 'Technical Service Workshop']",Services,Car Rental,Home Health Equipment Rental,"['Travel Services', 'Pet Boarding Services', 'Pet Grooming Services', 'Residential Roofing Services', 'Mobile Home Construction Services', 'Commercial Electrical Services', 'Elevator Installation Services', 'Residential Electrical Services', 'Road Maintenance Services', 'Street Cleaning Operations']","[0.39976597, 0.34787378, 0.3409389, 0.34006262, 0.33922023, 0.3308731, 0.32493973, 0.31986833, 0.31920052, 0.31327736]","{'Travel Services': 0.02963939867913723, 'Pet Boarding Services': 0.003220407525077462, 'Pet Grooming Services': 0.0032663349993526936, 'Residential Roofing Services': 0.002648275578394532, 'Mobile Home Construction Services': 0.006431270390748978, 'Commercial Electrical Services': 0.03742741048336029, 'Elevator Installation Services': 0.003353461856022477, 'Residential Electrical Services': 0.17867730557918549, 'Road Maintenance Services': 0.0038211296778172255, 'Street Cleaning Operations': 0.001813524984754622}",[]
"Vision Express Opticians - Llanelli is an establishment located in Llanelli, Wales, United Kingdom. It operates as an optician, contact lenses supplier, eye care center, optometrist, and sunglasses store.","['In-store Shopping', 'Eye Care Services', 'Contact Lenses Retailer', 'Optician Services', 'Retail', 'Bathroom Facilities', 'In-store Pickup', 'Wheelchair Accessible Entrance']",Services,Optometrists,Offices of Optometrists,"['Travel Services', 'Consulting Services', 'Testing and Inspection Services', 'Legal Services', 'Carpentry Services', 'Fishing and Hunting Services', 'Commercial Electrical Services', 'Welding Services', 'Insurance Services', 'Veterinary Clinics']","[0.31332263, 0.29690534, 0.28322256, 0.27890489, 0.27632508, 0.26106057, 0.26063737, 0.25731745, 0.25216997, 0.24340095]","{'Travel Services': 0.0044597452506423, 'Consulting Services': 0.010036430321633816, 'Testing and Inspection Services': 0.0069348555989563465, 'Legal Services': 0.0030927506741136312, 'Carpentry Services': 0.00037123786751180887, 'Fishing and Hunting Services': 0.0006289779557846487, 'Commercial Electrical Services': 0.0005803449894301593, 'Welding Services': 0.000610584276728332, 'Insurance Services': 0.0007231745985336602, 'Veterinary Clinics': 0.0003014806716237217}",[]
"Solar Gold Dried Fruit is a company that specializes in producing dried fruits, including Mango, pineapple, and banana. They dry the Kent and Ataulfo varieties for their smooth texture and distinctive flavor, and preserve the digestive enzymes by ensuring the fruit never exceeds 35 degrees Celsius during the drying process. Their tropical mix is perfect for travel, lunch-boxes, and camping, and can be used as a replacement for raisins in cooking, salads, baking, and breakfast cereals. The company's products are high in potassium and magnesium, which help maintain stamina for endurance sports like cycling, hiking, and cross-country skiing.","['Dressed Fruits', 'Dried Pineapples', 'Food Retail', 'Food Production', 'Drying Process', 'Tropical Dried Fruits', 'Dried Mangoes']",Manufacturing,Fruit & Vegetable - Markets & Stores,Dried and Dehydrated Food Manufacturing,"['Confectionery Manufacturing', 'Non-Alcoholic Beverage Manufacturing', 'Coffee Processing Services', 'Food Safety Services', 'Canning Services', 'Food Processing Services', 'Agricultural Equipment Services', 'Commercial Irrigation Systems', 'Bakery Production Services', 'Frozen Food Processing']","[0.33238506, 0.25868708, 0.2405692, 0.22666718, 0.22349069, 0.22299525, 0.22292909, 0.21757519, 0.21520045, 0.21449086]","{'Confectionery Manufacturing': 0.0008042811532504857, 'Non-Alcoholic Beverage Manufacturing': 0.012130461633205414, 'Coffee Processing Services': 0.00352896424010396, 'Food Safety Services': 0.01105060987174511, 'Canning Services': 0.003986946307122707, 'Food Processing Services': 0.16153979301452637, 'Agricultural Equipment Services': 0.0039013067726045847, 'Commercial Irrigation Systems': 0.003310318337753415, 'Bakery Production Services': 0.005928572732955217, 'Frozen Food Processing': 0.004153172019869089}",[]
"Coma Rico is a restaurant located in Cali, Valle del Cauca, Colombia. It offers various dining options including dine-in, takeout, and delivery services. The establishment is described as casual and cozy, and it is suitable for groups and families with children.","['Cozy Atmosphere', 'Takeout Services', 'Lunch Service', 'Restaurant', 'Bathroom Facilities', 'Dine-in Service', 'Casual Atmosphere']",Services,Restaurants,Full-Service Restaurants,"['Catering Services', 'Coffee Processing Services', 'Confectionery Manufacturing', 'Commercial Construction Services', 'Bakery Production Services', 'Corporate Responsibility Services', 'Food Processing Services', 'Seafood Processing Services', 'Travel Services', 'Veterinary Health Centers']","[0.25707835, 0.24985522, 0.23797347, 0.22678445, 0.21868598, 0.20297197, 0.19809355, 0.1950092, 0.18554449, 0.1765941]","{'Catering Services': 0.0035543274134397507, 'Coffee Processing Services': 0.002643090905621648, 'Confectionery Manufacturing': 0.0007651833584532142, 'Commercial Construction Services': 0.007897455245256424, 'Bakery Production Services': 0.001584461540915072, 'Corporate Responsibility Services': 0.014799072407186031, 'Food Processing Services': 0.0029768510721623898, 'Seafood Processing Services': 0.004296798724681139, 'Travel Services': 0.004233288578689098, 'Veterinary Health Centers': 0.0007268560002557933}",[]
"Gemini Beauty is a company that offers a variety of makeup, skincare, and hair products. Their makeup line includes items such as lip oil, liquid lipstick matte, liquid concealer, facial contour, compact illuminator, powder finisher armor, transparent powder, banana powder, eyeliner pen, eyelash mascara, false eyelashes, face masks, false eyebrow glue, and false eyelash 5D mink. They also offer hair products such as hair brush powder, hair brush drop, hairbrush racket, and Venus Eyeshadow Palette.","['Kits 2 Powder Sponges', 'Facial Cleansing Sponges', 'Compact Illumination', 'Lip Oil', 'Band Of Brothers', 'Hair Powder', 'Face Contour Products', 'Venus Eyeshadow Palette', 'Liquid Concealer', 'Face Masks', 'Mermaid Brushes Kit', 'Eyelash Mascara Extends and Define', 'Ruby Angel', 'Coconut Chamomile Micellar Water', 'Liquid Base', '5D Mink Luxury False Eyelashes', 'Translucent Powder', 'Mermaid Eyeliner Pen', 'My Beauty Tool', 'Black Power Eye Pencil', 'Banana Powder', 'Asu Makeup', 'Powder Finisher Armor', 'Beauty Products Retailer', 'Summer Satin Hat']",Retail,Cosmetics Stores,"Cosmetics, Beauty Supplies, and Perfume Retailers","['Cosmetic Manufacturing', 'Branding Services', 'Pet Grooming Services', 'Spray Painting Services', 'Graphic Design Services', 'Painting Services', 'Marketing Services', 'Online Marketing Services', 'Interior Design Services', 'Carpentry Services']","[0.48294795, 0.3693544, 0.3096993, 0.30930847, 0.30238184, 0.2986989, 0.2965502, 0.28906226, 0.2754231, 0.25790665]","{'Cosmetic Manufacturing': 0.2796317934989929, 'Branding Services': 0.021636439487338066, 'Pet Grooming Services': 0.0029724875930696726, 'Spray Painting Services': 0.007912992499768734, 'Graphic Design Services': 0.004609272349625826, 'Painting Services': 0.004492286592721939, 'Marketing Services': 0.014886298216879368, 'Online Marketing Services': 0.007142402231693268, 'Interior Design Services': 0.0017128734616562724, 'Carpentry Services': 0.001208881614729762}",[]
"SellerGroup is a company that specializes in promotional and office products. They offer unique office solutions and customized furniture designs for office spaces, including desks, chairs, and conference tables. They also provide ergonomic solutions for a better work environment with their ErgoDesk and CleanDesk products. SellerOffice develops and sells unique solutions for office workspaces, while ActiveOffice offers special products for creating an active working environment. Additionally, they provide information and advice on office design.","['Office Furniture Design and Manufacturing', 'Workplace Solutions', 'Hygiene Products', 'Promotional Products with Logos', 'Desk Cleaning', 'Branding Services', 'Branding Enhancement', 'Conference Tables']",Manufacturing,Office Furniture,Wood Office Furniture Manufacturing,"['Furniture Manufacturing', 'Carpet Manufacturing Services', 'Accessory Manufacturing', 'Cabinetry Manufacturing', 'Stationery Manufacturing', 'Paper Production Services', 'Wood Product Manufacturing', 'Interior Design Services', 'Marketing Services', 'Carpentry Services']","[0.5933636, 0.4708303, 0.45095083, 0.44836017, 0.44247922, 0.4419037, 0.4171182, 0.40740067, 0.40592152, 0.3916612]","{'Furniture Manufacturing': 0.7435628175735474, 'Carpet Manufacturing Services': 0.0008622747263871133, 'Accessory Manufacturing': 0.021197399124503136, 'Cabinetry Manufacturing': 0.0021184284705668688, 'Stationery Manufacturing': 0.0013012571725994349, 'Paper Production Services': 0.003623075084760785, 'Wood Product Manufacturing': 0.8955352306365967, 'Interior Design Services': 0.005654385779052973, 'Marketing Services': 0.0811736211180687, 'Carpentry Services': 0.000850776385050267}","['Furniture Manufacturing', 'Wood Product Manufacturing']"
"Ural Metallurgical Company is a production group that specializes in mechanical processing of metal, including non-ferrous metallurgy and forging manufacturing. They are also one of the largest metal traders in the Siberian Ural region. The company offers a wide range of metalworking services such as turning, milling, and high-precision machining on equipment with numerical control. They maintain a stock of metal for production of ingots weighing up to 250 kg and can manufacture ingots using customer materials. The customer's metal will only be accepted if there is a certificate by manufacturer marked ""for hot processing"" which can be put into production after receiving input control. The main suppliers of metal are JSC ""Elektrostal"", JSC “Izhstal” and Mechel, Serov Metallurgical Plant (Jsc), Zlatoust Metalworking Factory.","['Ferrous Metallurgy Services', 'Obtaining Blanks', 'Metal Products', 'Metal Trading Services', 'Plasma Cutting', 'Calibrated Circles', 'Titanium Alloy', 'Metal Rivets', 'Advanced Numerical Control Equipment', 'Forging Manufacturing Services', 'Metal Bushings', 'Serial Production and Testing', 'Stripe', 'Carbon Steels', 'Structure Creation', 'Self Tapping Screw', 'Equipment Manufacturer', 'Lathe Processing Services', 'Design Documentation', 'Round G/K', 'Metal Sheet Reinforcement Solutions', 'Wire', 'Metal Washers', 'Technology Elaboration', 'Stainless Steel Forgings', 'Aluminum', 'Paper Tape', 'Precision Machining']",Manufacturing,Forging & Metal Stampings,Iron and Steel Forging,"['Sheet Metal Services', 'Chemical Manufacturing', 'Plastic Manufacturing', 'Welding Services', 'Grain Processing Services', 'Pallet Manufacturing', 'Bedding Manufacturing', 'Non-Structural Steel Fabrication', 'Textile Manufacturing Services', 'Rubber Manufacturing']","[0.52970463, 0.49327534, 0.4425058, 0.4290539, 0.42895466, 0.417619, 0.41176388, 0.41021287, 0.40769324, 0.40310872]","{'Sheet Metal Services': 0.4662337005138397, 'Chemical Manufacturing': 0.0031030289828777313, 'Plastic Manufacturing': 0.005920714698731899, 'Welding Services': 0.016271943226456642, 'Grain Processing Services': 0.00950168538838625, 'Pallet Manufacturing': 0.03515006601810455, 'Bedding Manufacturing': 0.021005606278777122, 'Non-Structural Steel Fabrication': 0.393096923828125, 'Textile Manufacturing Services': 0.0039692893624305725, 'Rubber Manufacturing': 0.013141926378011703}","['Sheet Metal Services', 'Non-Structural Steel Fabrication']"
"Tiga Putra Farm is a cattle farm located in Sidoarjo, East Java, Indonesia.","['Cattle Breeding and Raising Services', 'Agriculture']",Wholesale,Livestock & Animal Raising,Livestock Merchant Wholesalers,"['Livestock Dealer Services', 'Agricultural Equipment Services', 'Grain Processing Services', 'Animal Feed Manufacturing', 'Dairy Production Services', 'Meat Processing Services', 'Agricultural Machinery Installation', 'Timber Harvesting Operations', 'Ornamental Plant Nurseries', 'Food Processing Services']","[0.45791465, 0.40448108, 0.37718862, 0.36009753, 0.35873973, 0.33551842, 0.3285259, 0.32560688, 0.32013416, 0.31538457]","{'Livestock Dealer Services': 0.01826612465083599, 'Agricultural Equipment Services': 0.0013319719582796097, 'Grain Processing Services': 0.0003108720702584833, 'Animal Feed Manufacturing': 0.0007145072449930012, 'Dairy Production Services': 0.0009484500042162836, 'Meat Processing Services': 0.0011348435655236244, 'Agricultural Machinery Installation': 0.0003452713426668197, 'Timber Harvesting Operations': 7.605842256452888e-05, 'Ornamental Plant Nurseries': 0.00011269990500295535, 'Food Processing Services': 0.0003287069848738611}",[]
"Suffolk Firewood & Arborsculpture is a carpentry company located in Martlehsam that offers a range of high-quality services including kitchen fittings, joinery, furniture repair and reassembly, wood wall panelling, and windows and doors. They specialize in bespoke wood designs and ideas, and offer custom windows and door crafting at an affordable price. The company prides itself on providing excellent customer service from start to finish.","['Hardwood Firewood Supplier', 'Carpentry Works']",Retail,Firewood Supplier,Fuel Dealers,"['Wood Product Manufacturing', 'Timber Harvesting Operations', 'Carpentry Services', 'Furniture Manufacturing', 'Cabinetry Manufacturing', 'Millwork Services', 'Rope Production Services', 'Fishing and Hunting Services', 'Insulation Services', 'Welding Services']","[0.6016961, 0.5443108, 0.5149252, 0.49159572, 0.48974782, 0.43560824, 0.41961524, 0.40133226, 0.39836586, 0.39159414]","{'Wood Product Manufacturing': 0.09461106359958649, 'Timber Harvesting Operations': 0.0012728780275210738, 'Carpentry Services': 0.5779193043708801, 'Furniture Manufacturing': 0.0040415264666080475, 'Cabinetry Manufacturing': 0.003361536655575037, 'Millwork Services': 0.00650689797475934, 'Rope Production Services': 0.0015618216712027788, 'Fishing and Hunting Services': 0.0008111392380669713, 'Insulation Services': 0.005827608983963728, 'Welding Services': 0.00210482906550169}",['Carpentry Services']
"Tobaccotoday is a full-service marketing and advertising agency that has been partnering with clients for over 10 years to help them achieve their business goals and keep their customers satisfied. They offer a range of services, including internet marketing consulting and traditional marketing consulting, as well as designing and implementing various forms of marketing collateral. With a proven track record of helping companies find the most effective advertising channels for their products or services, Tobaccottoday can assist in determining the best ways to invest marketing dollars to reach your audience. Whether you need an internet marketing consultant or want to revamp your marketing approach, Tobacco Today is here to assist.","['Domain Name Sales Services', 'Domain Registration Services']",Wholesale,Tobacco,Tobacco Product and Electronic Cigarette Merchant Wholesalers,"['Marketing Services', 'Online Marketing Services', 'Digital Marketing Services', 'Market Research Services', 'Advertising Services', 'Branding Services', 'Real Estate Services', 'Consulting Services', 'Technology Consulting', 'Livestock Dealer Services']","[0.50807375, 0.5028219, 0.48846582, 0.46560118, 0.46215492, 0.42490894, 0.3909682, 0.38051876, 0.36554578, 0.36533415]","{'Marketing Services': 0.8423327803611755, 'Online Marketing Services': 0.7798534631729126, 'Digital Marketing Services': 0.5025306940078735, 'Market Research Services': 0.19495944678783417, 'Advertising Services': 0.5350013375282288, 'Branding Services': 0.44519707560539246, 'Real Estate Services': 0.01964006945490837, 'Consulting Services': 0.7130917906761169, 'Technology Consulting': 0.11740243434906006, 'Livestock Dealer Services': 0.007068028207868338}","['Marketing Services', 'Online Marketing Services', 'Digital Marketing Services', 'Advertising Services', 'Branding Services', 'Consulting Services']"
"The Bingsu Hub is an ice cream shop located in Bang Khen, Bangkok, Thailand.","['In-store Pickup', 'Takeout Services', 'Dine-in Options', 'Ice Cream and Frozen Dessert Manufacturing']",Manufacturing,Ice Cream,Ice Cream and Frozen Dessert Manufacturing,"['Coffee Processing Services', 'Business Development Services', 'Confectionery Manufacturing', 'Marketing Services', 'Online Marketing Services', 'Seafood Processing Services', 'Ice Production Services', 'Catering Services', 'Market Research Services', 'Food Processing Services']","[0.33051908, 0.32980886, 0.32668447, 0.32581723, 0.3114734, 0.30492282, 0.29796803, 0.2969513, 0.29479042, 0.29116458]","{'Coffee Processing Services': 0.00010200102406088263, 'Business Development Services': 0.002605052199214697, 'Confectionery Manufacturing': 0.00012463974417187274, 'Marketing Services': 0.001511336537078023, 'Online Marketing Services': 0.0007416217704303563, 'Seafood Processing Services': 8.275380241684616e-05, 'Ice Production Services': 0.029217541217803955, 'Catering Services': 0.002155446680262685, 'Market Research Services': 0.0007709969067946076, 'Food Processing Services': 0.001062665949575603}",[]
The company specializes in the professional installation of home safety devices and detectors.,[],Services,"Alarms, Surveillance & Security Systems",Security Guards and Patrol Services,"['Fire Safety Equipment Services', 'Alarm Installation Services', 'Fire Protection System Services', 'Health and Safety Consulting', 'Insurance Services', 'Compliance Services', 'Property Management Services', 'Testing and Inspection Services', 'General Handyman Services', 'Fencing Construction Services']","[0.61633235, 0.6060777, 0.5822986, 0.54194283, 0.5213796, 0.5204409, 0.5188619, 0.51379883, 0.51327986, 0.50755847]","{'Fire Safety Equipment Services': 0.3515963554382324, 'Alarm Installation Services': 0.9421648979187012, 'Fire Protection System Services': 0.10501102358102798, 'Health and Safety Consulting': 0.0010841689072549343, 'Insurance Services': 0.0006588826072402298, 'Compliance Services': 0.008539360016584396, 'Property Management Services': 0.002960525220260024, 'Testing and Inspection Services': 0.0017489250749349594, 'General Handyman Services': 0.00047449831617996097, 'Fencing Construction Services': 0.001968880882486701}","['Fire Safety Equipment Services', 'Alarm Installation Services']"
"Grupo Rimag is a company consisting of three pillars: Rimag Importaciones S.A, Dimo de Alajuela SA, and Richo import-export SA. They specialize in selling quality products and maintaining long-term partnerships with suppliers and customers. With extensive knowledge of the market, they offer competitive value propositions and professionalize their sales force. The company is known for its excellent customer service and commitment to customer satisfaction. Black & Decker, a subsidiary of Grupo Rimlag, is a leading producer of home appliances, including ironing boards, oven toasters, portable mixers, coffee makers, and hair dryers. Remington, another subsidiary, introduced the first electric shaver in 1937 and continues to innovate with unique products.","['Importing and Distributing', 'Continental Appliances', 'Small Appliances Distribution', 'Black & Decker Appliances', 'Hamilton Beach Small Appliences', 'Precision Trading Corp. Small Appliques']",Wholesale,Appliance Stores,"Household Appliances, Electric Housewares, and Consumer Electronics Merchant Wholesalers","['Commercial Electrical Services', 'Residential Electrical Services', 'General Handyman Services', 'Agricultural Equipment Services', 'Pet Grooming Services', 'Accessory Manufacturing', 'Sheet Metal Services', 'Trim Manufacturing', 'Welding Services', 'Furniture Manufacturing']","[0.37371084, 0.349866, 0.34438583, 0.33942303, 0.33846256, 0.3292306, 0.32271475, 0.32198772, 0.29758468, 0.28175244]","{'Commercial Electrical Services': 0.016988802701234818, 'Residential Electrical Services': 0.08847533911466599, 'General Handyman Services': 0.006156894378364086, 'Agricultural Equipment Services': 0.005347146186977625, 'Pet Grooming Services': 0.016270915046334267, 'Accessory Manufacturing': 0.09582855552434921, 'Sheet Metal Services': 0.006381683051586151, 'Trim Manufacturing': 0.021597854793071747, 'Welding Services': 0.006452272646129131, 'Furniture Manufacturing': 0.003948846831917763}",[]
"Francesco Perrotta Edilizia is a construction company based in Cervino, Cervo, Italy. The company was founded by Francesco Perrottta, who has a strong focus on professionalism and technological innovation. They specialize in the construction of residential, commercial, and industrial buildings, and are known for their high-quality workmanship and attention to detail. The team at Francesco perrotta edilizi has extensive experience in the field, having worked on various projects in Italy and abroad. They offer a wide range of services, including the construction and renovation of residential and commercial buildings, as well as the construction, renovation, and modernization of public and private buildings. The owner, Francesco, has a passion for construction and has been involved in the industry for many years.","['Construction Project Management', 'Construction Services', 'Construction Materials Supplier', 'Professionalism in Construction', 'Technological Innovation Services for Construction Industry']",Services,Construction Services,Industrial Building Construction,"['Commercial Construction Services', 'Masonry Construction Services', 'Commercial Renovation Services', 'Sidewalk Construction Services', 'Residential Roofing Services', 'Carpentry Services', 'Multi-Family Construction Services', 'Single Family Residential Construction', 'Apartment Renovation Services', 'Mobile Home Construction Services']","[0.44028807, 0.41979584, 0.399314, 0.37388328, 0.35831225, 0.3551376, 0.35362238, 0.34214973, 0.33644712, 0.3342124]","{'Commercial Construction Services': 0.5069114565849304, 'Masonry Construction Services': 0.16840042173862457, 'Commercial Renovation Services': 0.40767624974250793, 'Sidewalk Construction Services': 0.07191900908946991, 'Residential Roofing Services': 0.09335438162088394, 'Carpentry Services': 0.062168486416339874, 'Multi-Family Construction Services': 0.30148857831954956, 'Single Family Residential Construction': 0.03199777379631996, 'Apartment Renovation Services': 0.21562042832374573, 'Mobile Home Construction Services': 0.03464221581816673}","['Commercial Construction Services', 'Commercial Renovation Services', 'Multi-Family Construction Services']"
"Dr. med. dent. Seibert-Schmidt is a dentist based in Gemeinde Thiersee, Tyrol, Austria.","['Healthcare Services', 'Dental Service']",Services,Dentists & Dental Clinics,Offices of Dentists,"['Excavation Services', 'Consulting Services', 'Carpentry Services', 'Road Maintenance Services', 'Ice Production Services', 'Directional Drilling Services', 'Health and Safety Consulting', 'Legal Services', 'General Snow Removal Services', 'Land Leveling Services']","[0.23328614, 0.2003716, 0.18689409, 0.18487151, 0.18385434, 0.1834766, 0.17659616, 0.17447259, 0.17093426, 0.17018631]","{'Excavation Services': 0.00048790781875140965, 'Consulting Services': 0.006324357353150845, 'Carpentry Services': 0.0003968512173742056, 'Road Maintenance Services': 0.0003695713821798563, 'Ice Production Services': 0.0026941532269120216, 'Directional Drilling Services': 0.006540886592119932, 'Health and Safety Consulting': 0.003162963315844536, 'Legal Services': 0.00046977284364402294, 'General Snow Removal Services': 0.000502925249747932, 'Land Leveling Services': 0.0013168054865673184}",[]
"Mountain Toy Sales is a company that specializes in wholesale toy accounts and provides experienced advice to its clients. The company was founded by a couple who owned and operated a toy store in Bozeman, MT for ten years and has been a sales representative with DanSon Sales for eight years.","['Sales Representative', 'Online Purchasing', 'Wholesale Toy Accounts', 'Retail', 'Vendor Catalogs', 'Wholesale Accounts']",Wholesale,Toys & Games Stores,Toy and Hobby Goods and Supplies Merchant Wholesalers,"['Livestock Dealer Services', 'Carpet Manufacturing Services', 'Marketing Services', 'Tent Manufacturing Services', 'Rope Production Services', 'Online Marketing Services', 'General Snow Removal Services', 'Mobile Home Construction Services', 'Furniture Manufacturing', 'Commercial Snow Removal']","[0.4098081, 0.39076453, 0.35456705, 0.34708118, 0.334571, 0.33309323, 0.32913032, 0.32544225, 0.32112592, 0.30882955]","{'Livestock Dealer Services': 0.0015240148641169071, 'Carpet Manufacturing Services': 0.0008550781640224159, 'Marketing Services': 0.052693966776132584, 'Tent Manufacturing Services': 0.021408041939139366, 'Rope Production Services': 0.009297159500420094, 'Online Marketing Services': 0.05423516035079956, 'General Snow Removal Services': 0.0014823289820924401, 'Mobile Home Construction Services': 0.004609247203916311, 'Furniture Manufacturing': 0.0009391038329340518, 'Commercial Snow Removal': 0.003637884045019746}",[]
"Sanitario is a company that specializes in the sale of sanitary wares, including sanitary pads, sanitary napkins, sanitizers, and dispensers. They offer a variety of sizes and colors, as well as discounts on their products. The company also provides information on how to care for sanitary ware and offers tips on how long to keep sanitary products in good condition. Additionally, they provide information on the Value Added Tax (VAT) which is a tax on the value of goods and services.","['Free Ownership Transfer', 'Sanitary Ware Manufacturer', 'Product Distribution', 'Transaction Support', 'Domain Name Transfer', 'Buyer Protection Program']",Manufacturing,Industrial Air Solutions,Plumbing Fixture Fitting and Trim Manufacturing,"['Food Safety Services', 'Water Treatment Services', 'Fire Safety Equipment Services', 'Waste Management Services', 'Textile Manufacturing Services', 'Building Cleaning Services', 'Coffee Processing Services', 'Veterinary Services', 'Pet Grooming Services', 'Health and Safety Consulting']","[0.43768835, 0.43030518, 0.40913305, 0.3965953, 0.39620572, 0.3958911, 0.385998, 0.3825057, 0.37898314, 0.37779194]","{'Food Safety Services': 0.0008603325695730746, 'Water Treatment Services': 0.0012542495969682932, 'Fire Safety Equipment Services': 0.0023198972921818495, 'Waste Management Services': 0.0010541045339778066, 'Textile Manufacturing Services': 0.0006389764603227377, 'Building Cleaning Services': 0.0016946070827543736, 'Coffee Processing Services': 0.0007690798956900835, 'Veterinary Services': 0.0005951315979473293, 'Pet Grooming Services': 0.0007591120665892959, 'Health and Safety Consulting': 0.0017700697062537074}",[]
"Prologistics Carriers is a company that specializes in refrigerated transportation of products, particularly those that are temperature-sensitive. They offer dry vans for loading and unloading products from the rear of trailers from loading docks, with some trailers even offering liftgates in cases where loading docks are unavailable. Their services ensure a successful import and export process with constant times and visibility at all times, on-site or customs classification, consolidation, and deconsolidation of merchandise.","['Consolidation and Deconsolidation of Merchandise', 'Temperature-controlled Supply Chain Partner', 'Import and Export Processes', 'Customs Classification', 'Refrigerated Transport Services', 'Dry Vans with Lift Gates', 'Logistics Carrier']",Services,Trucking and Logistics,"General Freight Trucking, Long-Distance, Less Than Truckload","['Food Processing Services', 'Travel Services', 'Medical Gas Installation Services', 'Gas Manufacturing Services', 'Insulation Services', 'Livestock Dealer Services', 'Grain Processing Services', 'Ice Production Services', 'Pharmaceutical Manufacturing', 'Agricultural Equipment Services']","[0.3972879, 0.39301047, 0.36636746, 0.35818642, 0.35689232, 0.35378587, 0.3507701, 0.35056296, 0.34764364, 0.34665823]","{'Food Processing Services': 0.029358312487602234, 'Travel Services': 0.00567888468503952, 'Medical Gas Installation Services': 0.022014234215021133, 'Gas Manufacturing Services': 0.028301341459155083, 'Insulation Services': 0.004336527548730373, 'Livestock Dealer Services': 0.0023944121785461903, 'Grain Processing Services': 0.03373715654015541, 'Ice Production Services': 0.07687406986951828, 'Pharmaceutical Manufacturing': 0.12776267528533936, 'Agricultural Equipment Services': 0.025327462702989578}",[]
"The company is a design firm that specializes in developing and implementing ideas. They offer design services focused on improving the quality of life in urban planning, architecture, landscape design, and interior design.","['Interior Design Services', 'Urban Design Services', 'Architectural Design and Implementation Services', 'Landscape Design Services']",Services,Architects & Architectural Services,Architectural Services,"['Interior Design Services', 'Branding Services', 'Graphic Design Services', 'Business Development Services', 'Commercial Renovation Services', 'Property Management Services', 'Environmental Consulting', 'Consulting Services', 'Commercial Construction Services', 'Technology Consulting']","[0.65007144, 0.551407, 0.5380037, 0.52278686, 0.5171417, 0.5086348, 0.49404287, 0.4939611, 0.49258968, 0.4755844]","{'Interior Design Services': 0.9799932837486267, 'Branding Services': 0.0038752213586121798, 'Graphic Design Services': 0.009536284022033215, 'Business Development Services': 0.03330996632575989, 'Commercial Renovation Services': 0.02409043349325657, 'Property Management Services': 0.0066216979175806046, 'Environmental Consulting': 0.0069969031028449535, 'Consulting Services': 0.02468574233353138, 'Commercial Construction Services': 0.0033108254428952932, 'Technology Consulting': 0.004614320117980242}",['Interior Design Services']
Fahrzeugbau-pfaff.de is a German company that specializes in vehicle construction services. They operate in accordance with the legal requirements of the Telemediengesetz 5 Telemediation Act.,"['Vehicle Construction Services', 'Construction Services', 'Motorhome Construction', 'Commercial Vehicles Manufacturer', 'Trailer Manufacturer', 'Boat Trailer Design and Construction', 'Transfer Trucks', 'Caravans Manufacturer', 'Carpentry Services', 'Commercial Vehicles for Construction', 'Mobile Construction Services', 'Media Mobile Vehicles Manufacturer', 'Special Vehicles Manufacturer']",Manufacturing,Auto Parts Manufacturers,Motor Vehicle Body Manufacturing,"['Field Welding Services', 'Commercial Construction Services', 'Road Maintenance Services', 'Mobile Home Construction Services', 'Tent Manufacturing Services', 'Sheet Metal Services', 'Pipeline Construction Services', 'Gas Manufacturing Services', 'Road and Highway Construction', 'Commercial Driveway Construction']","[0.4187925, 0.4017684, 0.40116578, 0.39624038, 0.39039266, 0.38930643, 0.38565898, 0.38404584, 0.37850124, 0.3726725]","{'Field Welding Services': 0.0027900319546461105, 'Commercial Construction Services': 0.789484977722168, 'Road Maintenance Services': 0.000815624138340354, 'Mobile Home Construction Services': 0.9068388938903809, 'Tent Manufacturing Services': 0.010646258480846882, 'Sheet Metal Services': 0.0009290156303904951, 'Pipeline Construction Services': 0.0025214620400220156, 'Gas Manufacturing Services': 0.0025831989478319883, 'Road and Highway Construction': 0.015210093930363655, 'Commercial Driveway Construction': 0.036089859902858734}","['Commercial Construction Services', 'Mobile Home Construction Services']"
"Rijkswaterstaat, formerly known as the Bureau voor den Waterstaat and formerly as the Directorate General for Public Works and Water Management, is a Directorate-General of the Ministry of Infrastructure and Water management of the Netherlands. Founded in 1798, the agency is responsible for the practical execution of public works and water management, including the construction and maintenance of waterways and roads, as well as flood protection and prevention. Rijksstaat has been involved in the construction of major railway projects such as the Betuweroute and the HSL-Zuid. Their mission is to provide dry feet, clean and sufficient water, and a quick and safe flow of traffic. The agency is divided into 10 regional, 6 specialist services, and 2 special services.","['Flood Protection Measures', 'Civil Engineering Projects', 'Waterway Maintenance', 'Transport Infrastructure Construction', 'National Water Control', 'Water Management Services', 'Public Works Execution', 'Road Maintenance', 'Infrastructure Development', 'Disaster Prevention Planning', 'Hydraulic Engineering Services', 'Water Quality Improvement', 'Environmental Waterways Construction', 'Traffic Flow Management']",Manufacturing,Water Supply & Water Treatment,Administration of Air and Water Resource and Solid Waste Management Programs,"['Water Treatment Services', 'Residential Drainage Systems', 'Road Maintenance Services', 'Residential Drain Cleaning', 'Residential Plumbing Services', 'Industrial Plumbing Services', 'Environmental Consulting', 'Septic System Services', 'Commercial Drain Cleaning', 'Street Cleaning Operations']","[0.48974898, 0.47559026, 0.44776732, 0.42027652, 0.41136968, 0.4103734, 0.4073726, 0.4069221, 0.40484774, 0.4036724]","{'Water Treatment Services': 0.6140915155410767, 'Residential Drainage Systems': 0.06489700078964233, 'Road Maintenance Services': 0.61917644739151, 'Residential Drain Cleaning': 0.049298327416181564, 'Residential Plumbing Services': 0.025641780346632004, 'Industrial Plumbing Services': 0.15546736121177673, 'Environmental Consulting': 0.028276903554797173, 'Septic System Services': 0.04177083820104599, 'Commercial Drain Cleaning': 0.05661169812083244, 'Street Cleaning Operations': 0.015757525339722633}","['Water Treatment Services', 'Road Maintenance Services']"
"Solar Heat Pumps is a high-tech enterprise that specializes in the production of solar-powered hot water heaters. The company is a joint venture between Shenzhen Guowang Holding Co., Ltd., Beijing First Light Group, and First Steel Holding Co. The core of the company is based on solar-photovoltaic heating technology, with a focus on product research and development, production, engineering design, marketing, and sales. The goal of the solar heat pumps is to promote the promotion and application of clean energy sources. The solar heat pump control system is a key feature of the modern solar heaters, and the company provides information on how to select the appropriate control system for each type of solar heat exchanger and how to install it properly. The heat exchangers are known for their high quality and durability, and can be used in various settings such as homes, offices, and hotels.","['Wall-mounted Series', 'Nickel Enhanced Series', 'Manufacturing', 'Kid Series', 'Research and Development', 'Clean Energy Solutions Provider', 'Design And Engineering', 'Renewable Energy Development', 'Marketing', 'Need For Speed Series', 'Environmentally Friendly', 'Solar Panel Wall Mounted Series', 'Split Series', 'Quick Release Series']",Wholesale,Renewable energy companies,Geothermal Electric Power Generation,"['Roofing Services with Heat Application', 'HVAC Installation and Service', 'Boiler Installation Services', 'Commercial Electrical Services', 'Swimming Pool Installation Services', 'Residential Electrical Services', 'Boiler Repair Services', 'Commercial Irrigation Systems', 'Insulation Services', 'Gas Manufacturing Services']","[0.42284667, 0.4002956, 0.35552424, 0.3429346, 0.3372685, 0.33282214, 0.28868383, 0.28525743, 0.28272963, 0.27123177]","{'Roofing Services with Heat Application': 0.025594087317585945, 'HVAC Installation and Service': 0.05440380796790123, 'Boiler Installation Services': 0.00512583227828145, 'Commercial Electrical Services': 0.027108769863843918, 'Swimming Pool Installation Services': 0.01649235375225544, 'Residential Electrical Services': 0.07203196734189987, 'Boiler Repair Services': 0.003445265581831336, 'Commercial Irrigation Systems': 0.0069326674565672874, 'Insulation Services': 0.0096982317045331, 'Gas Manufacturing Services': 0.008063926361501217}",[]
"W.A.Y.S. Helping Hands is a non-profit organization based in Sacramento, California that aims to empower, support, and assist the homeless community. The organization provides housing in a clean, safe, and drug-free environment, as well as food and services that are registered, certified, or licensed. W.A.,Y. S. Help is pursuing various projects to help the homeless and relies on the help of volunteers and supporters to achieve its goals. Donations to the organization can be made through PayPal or referrals.","['Homelessness Support Services', 'Food Information Services Provision', 'Safe and Substance-free Housing', 'Charitable Donations']",Services,Homelessness Shelter,Temporary Shelters,"['Volunteer Services', 'Occupational Health Services', 'Community Engagement Services', 'Crisis Management Services', 'Animal Day Care Services', 'Waste Management Services', 'Environmental Health Services', 'Fundraising Services', 'Training Services', 'Arts Services']","[0.58643657, 0.5180156, 0.4730711, 0.4661832, 0.44946343, 0.4367482, 0.43632615, 0.43351346, 0.42012784, 0.41943175]","{'Volunteer Services': 0.2960095703601837, 'Occupational Health Services': 0.012964951805770397, 'Community Engagement Services': 0.32204729318618774, 'Crisis Management Services': 0.04065382853150368, 'Animal Day Care Services': 0.009358080103993416, 'Waste Management Services': 0.004272453486919403, 'Environmental Health Services': 0.006266640033572912, 'Fundraising Services': 0.17980727553367615, 'Training Services': 0.04704786092042923, 'Arts Services': 0.01909920759499073}",['Community Engagement Services']
Wu An Fake Commercial Bills of Exchange is a company that specializes in providing fake commercial bills of exchange. They offer customized professional replications of these bills with no cash payment and without interest.,"['Tax Amendments', 'Customized Professional Replications']",Services,Money Transfer,Other Activities Related to Credit Intermediation,"['Financial Services', 'Commercial Electrical Services', 'Real Estate Services', 'Testing and Inspection Services', 'Livestock Dealer Services', 'E-Commerce Services', 'Commercial Plumbing Services', 'Commercial Construction Services', 'Corporate Responsibility Services', 'Marketing Services']","[0.3130244, 0.26376772, 0.25988483, 0.25541896, 0.2548326, 0.25347278, 0.25053602, 0.24773014, 0.2472774, 0.24603719]","{'Financial Services': 0.27428945899009705, 'Commercial Electrical Services': 0.0062940181232988834, 'Real Estate Services': 0.005572414956986904, 'Testing and Inspection Services': 0.007452602498233318, 'Livestock Dealer Services': 0.0033880535047501326, 'E-Commerce Services': 0.013431992381811142, 'Commercial Plumbing Services': 0.0009696712950244546, 'Commercial Construction Services': 0.0064862919971346855, 'Corporate Responsibility Services': 0.009967034682631493, 'Marketing Services': 0.007893738336861134}",[]
"Akyom is a company that specializes in traditional and contemporary house construction in the Tarn region of France. They have been established for many years and offer services such as searching for land, creating plans, assembling administrative files, financing studies, filing permits, monitoring site work, and ensuring compliance with quality charter. Akyom guarantees sustainable homes and long-term energy savings to preserve their clients' purchasing power. They are committed to meeting their clients’ expectations in terms of budgetary imperative and ensuring the construction of a place for living and wellbeing that is like their own.","['Sustainable Homes', 'Construction Services', 'Contemporary Homes', 'Quality Charter Compliance Services', 'Land Search', 'Work Site Monitoring', 'Financing Analysis', 'Permit Filing Assistance', 'Plan Creation', 'Long-term Energy Savings', 'Administrative File Assembly']",Services,Real Estate Developers,New Housing For-Sale Builders,"['Single Family Residential Construction', 'Commercial Construction Services', 'Property Management Services', 'Commercial Renovation Services', 'Multi-Family Construction Services', 'Mobile Home Construction Services', 'Environmental Consulting', 'Real Estate Services', 'Interior Design Services', 'Masonry Construction Services']","[0.4954433, 0.4570012, 0.45603627, 0.44106337, 0.43235302, 0.42973703, 0.4163386, 0.40841496, 0.4012416, 0.39943278]","{'Single Family Residential Construction': 0.09900955110788345, 'Commercial Construction Services': 0.06810496747493744, 'Property Management Services': 0.041003234684467316, 'Commercial Renovation Services': 0.0071947271935641766, 'Multi-Family Construction Services': 0.18964993953704834, 'Mobile Home Construction Services': 0.01155133731663227, 'Environmental Consulting': 0.007390973623842001, 'Real Estate Services': 0.4788845181465149, 'Interior Design Services': 0.004407012835144997, 'Masonry Construction Services': 0.09254857152700424}",['Real Estate Services']
Stroxx is a series of professional hand tools developed by skilled professionals with a focus on quality and precision. These instruments are designed to be used by individuals who take pride in their profession every day.,"['Hand Tools Manufacturer', 'Handles', 'Manufacturing', 'Retail']",Manufacturing,Hardware Stores,Saw Blade and Handtool Manufacturing,"['Fire Safety Equipment Services', 'Accessory Manufacturing', 'Carpentry Services', 'Trim Manufacturing', 'Agricultural Equipment Services', 'Directional Drilling Services', 'Rubber Manufacturing', 'Industrial Machinery Installation', 'Technology Consulting', 'Testing and Inspection Services']","[0.31385896, 0.30650556, 0.28738734, 0.26990563, 0.26373196, 0.25872546, 0.25431848, 0.24322167, 0.23938756, 0.23634697]","{'Fire Safety Equipment Services': 0.003984368871897459, 'Accessory Manufacturing': 0.00814308226108551, 'Carpentry Services': 0.004096538294106722, 'Trim Manufacturing': 0.02198990061879158, 'Agricultural Equipment Services': 0.003807238768786192, 'Directional Drilling Services': 0.005753014236688614, 'Rubber Manufacturing': 0.0024894680827856064, 'Industrial Machinery Installation': 0.09333499521017075, 'Technology Consulting': 0.001778371981345117, 'Testing and Inspection Services': 0.003441659500822425}",[]
"RIKA 78 is a French company that specializes in the production and sale of wood stoves and pellet stoves. They offer a wide range of wood and pellets, including mixed stoves, as well as Rika stoves for both wood and pellets. The company also provides the Rikatronic4, an electronic control system for fireplace stoves with programmable ignition that supports users in all heating steps, from temperature rise to recharge. Rika 78's pellet conveying and optimized smoke extraction reduce operating noise to a minimum, while the continuous worm motorization eliminates small repetitive sounds characteristic of pellet-stoves. The distribution of hot air is carried out through radiation and natural convection, eliminating the need for a convection fan. The Rika78 showroom is located in Coignières and offers a wide selection of wood-burning stoves at prices available from their factory stores.","['Retail', 'In-store Shopping', 'Installation and Maintenance Services', 'Wood Pellets for Pellet Stoves', 'Mix Stove Installation Services', 'Mixed Stoves', 'Wood Stove Shop', 'Heating Equipment Supplier', 'After-sales Service', 'Unisex Toilets', 'Onsite Services', 'Wheelchair Accessible Entrance']",Manufacturing,Industrial Air Solutions,Heating Equipment (except Warm Air Furnaces) Manufacturing,"['Fire Safety Equipment Services', 'Wood Product Manufacturing', 'Gas Manufacturing Services', 'Fire Protection System Services', 'HVAC Inspections', 'Insulation Services', 'Medical Gas Installation Services', 'Boiler Installation Services', 'Furniture Manufacturing', 'Cabinetry Manufacturing']","[0.4298772, 0.4034769, 0.39223117, 0.35950452, 0.35063666, 0.3457777, 0.33576977, 0.3324238, 0.33133638, 0.32909223]","{'Fire Safety Equipment Services': 0.015089506283402443, 'Wood Product Manufacturing': 0.041920680552721024, 'Gas Manufacturing Services': 0.016074107959866524, 'Fire Protection System Services': 0.012064848095178604, 'HVAC Inspections': 0.07978387176990509, 'Insulation Services': 0.00823374092578888, 'Medical Gas Installation Services': 0.012199568562209606, 'Boiler Installation Services': 0.06642495840787888, 'Furniture Manufacturing': 0.0019841748289763927, 'Cabinetry Manufacturing': 0.0024645356461405754}",[]
"Hawk International is a Pakistani company that specializes in the processing of PET bottle flakes using modern plants and machinery. They are a member of the Chamber of Commerce and Industry in Karachi and are registered with the Federal Board of Revenue, Government of Pakistan. The company has expanded its business to include the mining of chromite ore and the supply of Manganese Ore, Copper Ore, Iron Ore, and Low Silica Limestone. They have also introduced Mill Scale, a waste iron slag of re-rolling steel mills, to their Chinese buyers and have exported their products to leading steel mills in China. Hawk International is focused on increasing their production capacity to meet the increasing demand for their products in China, India, and other Far East countries.","['Energy Solutions Provider', 'Environmental Services', 'Mineral Recycling Services', 'Recycled Metals Recycling Services']",Manufacturing,"Minerals, Earths & Ores",Iron Ore Mining,"['Grain Processing Services', 'Pet Food Manufacturing', 'Meat Processing Services', 'Animal Feed Manufacturing', 'Coffee Processing Services', 'Chemical Manufacturing', 'Waste Management Services', 'Recycling Services', 'Food Processing Services', 'Sand and Gravel Mining']","[0.51838833, 0.4755615, 0.44791025, 0.44452322, 0.43605417, 0.4248297, 0.4182366, 0.41419837, 0.4091341, 0.40394717]","{'Grain Processing Services': 0.0009422482689842582, 'Pet Food Manufacturing': 0.49077609181404114, 'Meat Processing Services': 0.0005117618129588664, 'Animal Feed Manufacturing': 0.0045618535950779915, 'Coffee Processing Services': 0.0006875802064314485, 'Chemical Manufacturing': 0.0071439133025705814, 'Waste Management Services': 0.016512174159288406, 'Recycling Services': 0.8053300976753235, 'Food Processing Services': 0.0007149268058128655, 'Sand and Gravel Mining': 0.001061955583281815}","['Pet Food Manufacturing', 'Recycling Services']"
"The company provides a platform that allows users to choose whether or not to use cookies or related technologies such as web beacons, pixel tags, and Flash objects on their website. Users can change their preferences and revisit them at any time by accessing the ""Cookie Preferences"" link in the footer of the site. The company and its partners may process personal data such as IP addresses, unique IDs, and browsing data for store and/or access information on a device, as well as personalized advertising. Some partners may not require users to consent to processing their data, while others rely on their legitimate business interests.","['Personalized Advertising Services', 'Data Processing Services', 'Cookie Preferences Customization', 'Internet Services']",Services,Digital & Marketing Agencies,Marketing Consulting Services,"['Online Marketing Services', 'Digital Marketing Services', 'Advertising Services', 'Marketing Services', 'Market Research Services', 'E-Commerce Services', 'Social Media Services', 'Branding Services', 'Compliance Services', 'SEO Services']","[0.52199525, 0.5130304, 0.49763918, 0.47623074, 0.47147948, 0.45029062, 0.4292103, 0.4149351, 0.3958594, 0.39069036]","{'Online Marketing Services': 0.7137421369552612, 'Digital Marketing Services': 0.8049964308738708, 'Advertising Services': 0.6356220245361328, 'Marketing Services': 0.6934270262718201, 'Market Research Services': 0.02236909791827202, 'E-Commerce Services': 0.027149224653840065, 'Social Media Services': 0.031854577362537384, 'Branding Services': 0.10599641501903534, 'Compliance Services': 0.013725637458264828, 'SEO Services': 0.06532670557498932}","['Online Marketing Services', 'Digital Marketing Services', 'Advertising Services', 'Marketing Services']"
"FinTech PRO is a team of experienced Chartered & Certified Accountants and Advisors that provides accounting, tax, and technology services to optimize businesses and personal finances. Their goal is to help clients grow their companies and personal net worth by providing them with custom accounting tools, tax planning, and systems to achieve financial success. They offer cloud-based solutions, client accounting services, startup advisory, tax compliance, and contractor solutions. The company is led by Jay Patel, a qualified Chartered Accountant with over 9 years of experience in the field of Accounting & Finance, Business Process Reviews, Internal Audit, and Forensic audits across sectors like Manufacturing, Event Management, Real Estate, Transmission & power.","['Management Consulting Services', 'Cloud-based Accounting Services', 'Back Office Accounting', 'Accounting & Tax Compliance', 'Start-up Advisory Services', 'Monthly Bookkeeping', 'Contractor Solutions', 'Accounting Services', 'Payment', 'Real-time Accounting Services', 'Voluntary Accounting Services', 'Taxes Consulting', 'Application Advising Services']",Services,Accounting & Bookkeeping Services,Other Accounting Services,"['Financial Services', 'Consulting Services', 'Technology Consulting', 'Management Consulting', 'Compliance Services', 'Market Research Services', 'Business Development Services', 'Health and Safety Consulting', 'Corporate Responsibility Services', 'Corporate Training Services']","[0.6072811, 0.49135628, 0.48410246, 0.4726333, 0.45142722, 0.4111129, 0.4078912, 0.40353173, 0.39777988, 0.39528626]","{'Financial Services': 0.5990285873413086, 'Consulting Services': 0.5838379263877869, 'Technology Consulting': 0.20104160904884338, 'Management Consulting': 0.9594773650169373, 'Compliance Services': 0.06044137477874756, 'Market Research Services': 0.009346403181552887, 'Business Development Services': 0.026127638295292854, 'Health and Safety Consulting': 0.014660987071692944, 'Corporate Responsibility Services': 0.04684503749012947, 'Corporate Training Services': 0.009657725691795349}","['Financial Services', 'Consulting Services', 'Management Consulting']"
"KB Sports (China) Co., Ltd. is a high-tech enterprise that specializes in the research, development, production, and sales of anti-cancer and chemotherapy system drugs. The company has a team of highly qualified research and development personnel, advanced testing equipment, and advanced research and testing equipment. They have independently developed several new drugs that have been brought to the market or are in development. The production scope of their products covers general drugs and cancer drugs, and they have multiple production workshops for raw materials, solid dosage forms, and dosage forms.","['Compound Development', 'Pharmaceutical Research and Development', 'Pharmaceutical Disinfectants', 'Topicals, Compounds, and Pharmaceutical Quality Research', 'Formulation Development', 'Topically or Sub-traced Products', 'Softgels, Adhesives, Tapes, Capsules', 'Topical Treatments', 'Softgel Manufacturing', 'Pharmaceutical Sales', 'Cold-pressing and Water-jetting']",Manufacturing,Pharmaceutical Products,In-Vitro Diagnostic Substance Manufacturing,"['Pharmaceutical Manufacturing', 'Chemical Manufacturing', 'Cosmetic Manufacturing', 'Pesticide Application Services', 'Confectionery Manufacturing', 'Non-Alcoholic Beverage Manufacturing', 'Laboratory Services', 'Pet Food Manufacturing', 'Rubber Manufacturing', 'Bedding Manufacturing']","[0.62586457, 0.40277267, 0.39491338, 0.37204564, 0.34822825, 0.34743953, 0.34623033, 0.33815542, 0.33181846, 0.3159142]","{'Pharmaceutical Manufacturing': 0.930008590221405, 'Chemical Manufacturing': 0.002531890757381916, 'Cosmetic Manufacturing': 0.0015014444943517447, 'Pesticide Application Services': 0.0040818192064762115, 'Confectionery Manufacturing': 0.00040298368548974395, 'Non-Alcoholic Beverage Manufacturing': 0.0014357559848576784, 'Laboratory Services': 0.003997182473540306, 'Pet Food Manufacturing': 0.001227732514962554, 'Rubber Manufacturing': 0.0016738555859774351, 'Bedding Manufacturing': 0.0010611950419843197}",['Pharmaceutical Manufacturing']
"New Vichar Sandesh is a company that provides hand sanitizer at affordable rates at the Mrignani Emporium, operated by SLIC. The company aims to prevent the spread of Covid-19 among small businesses. The Chief Minister, Shri Shivaraj Singh Chauhan, recently reviewed the preparations for wheat supply during the Rabi season and discussed proposed wheat supply programs due to the Coronavirus infection. Vardhan Textiles Company donated Rs. 1 crore to the CM Relief Fund for COVID relief work, and HEG Limited donated an amount of one crore Rupees to the PMRRF and provided assistance with food supplies.","['Wheat Supplies Preparation', 'Hand Sanitizer Availability', 'Relief Fund Donations', 'Governmental Organization', 'Textile Donations', 'COVID-19 Prevention Measures']",Manufacturing,"Minerals, Earths & Ores","Kaolin, Clay, and Ceramic and Refractory Minerals Mining","['Agricultural Equipment Services', 'Food Safety Services', 'Millwork Services', 'Water Treatment Services', 'Veterinary Services', 'Pharmaceutical Manufacturing', 'Grain Processing Services', 'Textile Manufacturing Services', 'Septic System Services', 'Soil Nutrient Application Services']","[0.39834967, 0.3962639, 0.39013463, 0.3704756, 0.36885577, 0.36820018, 0.3669902, 0.36516255, 0.3537212, 0.3513177]","{'Agricultural Equipment Services': 0.004404250532388687, 'Food Safety Services': 0.0033037029206752777, 'Millwork Services': 0.00907980278134346, 'Water Treatment Services': 0.0008273106650449336, 'Veterinary Services': 0.0008814312750473619, 'Pharmaceutical Manufacturing': 0.0018359238747507334, 'Grain Processing Services': 0.010719073005020618, 'Textile Manufacturing Services': 0.022741347551345825, 'Septic System Services': 0.004303493537008762, 'Soil Nutrient Application Services': 0.0038028284907341003}",[]
"The Konotop City District Court of Sumy Oblast is the highest court in Sumy Region, Ukraine. It is responsible for the administration of justice in the region and is one of the courts in Ukraine. The court handles a wide range of legal proceedings, including criminal cases, civil suits, and administrative proceedings. It provides information on the structure of the court, the structure and management of the judges, and the working mode of the judicial system. The Court also offers online broadcasts of court proceedings and provides information for people with disabilities and other mobility-impaired groups. Additionally, the court provides information about the stages of a case, the procedure for reimbursing the costs of copying or printing documents provided to requestors in court, and a list of court cases scheduled for hearing. The Konottop District Court is committed to anti-corruption activities and operates under martial law.","['Public Information Request Services', 'Legal Proceedings', 'Court Administration Services', 'Electronic Form for Citizens Petitions', 'Online Broadcasts of Court Proceedings', 'Fines Judgments', 'Mobility-impaired Services', 'Judicial Organization', 'Information for People with Disabilities', 'Legal Services for The Visually Impaired', 'Court Call Books', 'Free Legal Aid Services', 'Automated Court Documentation System']",Government,Courthouses,Courts,"['Legal Services', 'Compliance Services', 'Crisis Management Services', 'Property Management Services', 'Management Consulting', 'Veterinary Services', 'Public Relations Services', 'Fire Protection System Services', 'Millwork Services', 'Consulting Services']","[0.38414603, 0.27868527, 0.24466272, 0.23748916, 0.22208123, 0.22116466, 0.22106239, 0.21701254, 0.20991987, 0.20475471]","{'Legal Services': 0.8421730995178223, 'Compliance Services': 0.09871073812246323, 'Crisis Management Services': 0.02311348170042038, 'Property Management Services': 0.01649532839655876, 'Management Consulting': 0.018628964200615883, 'Veterinary Services': 0.005860582459717989, 'Public Relations Services': 0.026866164058446884, 'Fire Protection System Services': 0.009103318676352501, 'Millwork Services': 0.02465839684009552, 'Consulting Services': 0.04584416002035141}",['Legal Services']
"Mago Indústria is a Brazilian confectionery company that has been in the market for over 30 years. They offer a complete portfolio of high-quality products, including Bicos de Confeitar, Colorants, Forminhas, Ingredients, Powder of Decoration, Flavouring, Bags of Candy, Tools and Accessories, and Sprinkles. The company encourages teachers in the area to teach and disseminate confectionary legacy, motivating dreams. Mago Indústadria is the largest confectioneria company in Brazil and offers a variety of confectioneries, including Forminha Metalizado Prata N.02 Lisa 100un and Forminhe Metalizados Ouro N.05 Lisa 12un. They also provide recipes and information on how to calculate the size of cake for guests.","['Conveying Products', 'Baking Ingredients', 'Cosmetics Manufacturer', 'Candy Bags', 'Conveyor Confections', 'Cake in The Pot', 'Food Delivery', 'Private Label Manufacturing', 'Credit Card Payment', 'Colorant Products', 'Bathroom Facilities', 'Educational Courses', 'Decoration Powdering', 'Tools and Accessories', 'Sustainable Manufacturing', 'Confectionery Sprinkles', 'Confectionery Manufacturing', 'Brand Development Services', 'Personal Care Products Manufacturer', 'Pastry Shop', 'Wheelchair Accessible Entrance']",Manufacturing,Bakeries & Desserts,Nonchocolate Confectionery Manufacturing,"['Confectionery Manufacturing', 'Bakery Production Services', 'Coffee Processing Services', 'Cosmetic Manufacturing', 'Non-Alcoholic Beverage Manufacturing', 'Food Processing Services', 'Pharmaceutical Manufacturing', 'Stationery Manufacturing', 'Pet Food Manufacturing', 'Accessory Manufacturing']","[0.68263507, 0.5022515, 0.46709612, 0.40461594, 0.39436242, 0.38697755, 0.35031906, 0.34607798, 0.34266558, 0.33337894]","{'Confectionery Manufacturing': 0.8235719799995422, 'Bakery Production Services': 0.5717048048973083, 'Coffee Processing Services': 0.007296174298971891, 'Cosmetic Manufacturing': 0.20084896683692932, 'Non-Alcoholic Beverage Manufacturing': 0.008571557700634003, 'Food Processing Services': 0.06701558828353882, 'Pharmaceutical Manufacturing': 0.0019132888410240412, 'Stationery Manufacturing': 0.006441159173846245, 'Pet Food Manufacturing': 0.0031214896589517593, 'Accessory Manufacturing': 0.26482078433036804}","['Confectionery Manufacturing', 'Bakery Production Services']"
"Kulturaggregat e.V. is a non-profit sociocultural association founded in 2014 by a collective of around 20 artists, cultural workers, and individuals interested in culture. Their goal is to bring more art, subculture, and social discourse into public space. They aim to create a free space for culture and connect people who want to develop their creativity. Their current project, hilda5, is a platform, art room, and laboratory all-in-one, located in the old Art Nouveau house at Hildastraße 5 in Freiburg. It offers about 500 square meters of free spaces for exhibitions, concerts, readings, workshops, and performances by international and local artists, as well as street art projects. In addition to a spacious gallery, hild5 features an elegant stage and the kulturagregat-kinoklub, which is probably the smallest cinema in town.","['Performing Arts Promotion', 'Cultural Events Organization', 'The Art Room', 'Artistic Laboratory', 'Street Art', 'Artistic Performances', 'Vinyl Records', 'Sports Event Management Services', 'Cultural Films', 'Art Exhibitions', 'Film Screenings', 'Cultural Organization', 'Cultural Center', 'Electronic Music Genres', 'Sports Event Organization', 'Art Workshops', 'Art Gallery', 'Used Records', 'Non-profit Socio-cultural Organization', 'Event Hosting Services']",Services,Event Planner Services,"Promoters of Performing Arts, Sports, and Similar Events with Facilities","['Arts Services', 'Interior Design Services', 'Media Production Services', 'Event Planning Services', 'Furniture Manufacturing', 'Commercial Renovation Services', 'Painting Services', 'Marketing Services', 'Catering Services', 'Apartment Renovation Services']","[0.45307958, 0.34287485, 0.34122175, 0.33025664, 0.31729364, 0.30128378, 0.29879272, 0.29317233, 0.29080108, 0.2867242]","{'Arts Services': 0.8885046243667603, 'Interior Design Services': 0.0026554495561867952, 'Media Production Services': 0.007374469190835953, 'Event Planning Services': 0.9792777299880981, 'Furniture Manufacturing': 0.0011708332458510995, 'Commercial Renovation Services': 0.001645163749344647, 'Painting Services': 0.025841591879725456, 'Marketing Services': 0.007452728226780891, 'Catering Services': 0.0041958484798669815, 'Apartment Renovation Services': 0.0029807938262820244}","['Arts Services', 'Event Planning Services']"
